<?xml version="1.0" encoding="utf-8"?>
<!--Created using XmlSitemapGenerator.org - Free HTML, RSS and XML sitemap generator-->
<rss version="2.0">
  <channel>
    <title>Infonauts</title>
    <link>http://www.infonauts.co.in/</link>
    <description />
    <item>
      <guid>http://www.infonauts.co.in/</guid>
      <title>Infonauts</title>
      <link>http://www.infonauts.co.in/</link>
      <description />
    </item>
  </channel>
</rss>
<!--<guid value="fe0a6a8a-8100-4919-b957-a9e3e9343ee9" />-->
<!--Created using XmlSitemapGenerator.org - Free HTML, RSS and XML sitemap generator-->